{"Block":[],"Panel":[],"Extrusion":[{"Cont":[{"Type":3,"Pos1x":0,"Pos2x":0,"Pos1y":0,"Pos2y":0,"CenterX":-107.19506472653313,"CenterY":27.930256504598617,"Radius":13.425500919704913,"StartAngle":0,"EndAngle":0,"ArcDir":0}],"Name":"Профиль1","ArtPos":"","Owner":"Model","PositionX":0,"PositionY":260.4388744338092,"PositionZ":161.93989819895063,"Thickness":500.00000000000006,"Length":26.72595599935441,"Width":26.788405956656902,"MaterialName":"Фурнитура","TextureOrientation":0,"OwnerId":1,"RotX":0,"RotY":0.7071067811865475,"RotZ":0,"RotW":0.7071067811865476}],"Fastener":[],"Size":[{"ArtPos":"","PositionX":0,"PositionY":500,"PositionZ":0,"RotX":0,"RotY":0,"RotZ":0,"RotW":1,"Size":500,"Length":500,"Width":16.237976320958225},{"ArtPos":"","PositionX":0,"PositionY":500,"PositionZ":500,"RotX":0,"RotY":0.7071067811865475,"RotZ":0,"RotW":0.7071067811865476,"Size":500,"Length":500,"Width":16.23905892487693},{"ArtPos":"","PositionX":0,"PositionY":500,"PositionZ":0,"RotX":-0.7071067811865475,"RotY":0.7071067811865476,"RotZ":0,"RotW":0,"Size":500,"Length":500,"Width":16.240141456626958}],"Line3D":[],"Model":{"Name":"Model","Size":{"x":500.1000000000001,"y":500,"z":500.1},"Center":{"x":249.95000000000002,"y":250,"z":249.95}},"materials":[],"butts":[]}