{"Block":[],"Panel":[],"Extrusion":[],"Fastener":[],"Size":[{"ArtPos":"","PositionX":0,"PositionY":500,"PositionZ":0,"RotX":0,"RotY":0,"RotZ":0,"RotW":1,"Size":500,"Length":500,"Width":16.237976320958225},{"ArtPos":"","PositionX":0,"PositionY":500,"PositionZ":500,"RotX":0,"RotY":0.7071067811865475,"RotZ":0,"RotW":0.7071067811865476,"Size":500,"Length":500,"Width":16.23905892487693},{"ArtPos":"","PositionX":0,"PositionY":500,"PositionZ":0,"RotX":-0.7071067811865475,"RotY":0.7071067811865476,"RotZ":0,"RotW":0,"Size":500,"Length":500,"Width":16.240141456626958}],"Line3D":[],"Model":{"Name":"Model","Size":{"x":500.1,"y":500,"z":500.1},"Center":{"x":249.95,"y":250,"z":249.95}},"materials":[],"butts":[]}