{"Block":[{},{"Cont":[{"Type":3,"Pos1x":0,"Pos2x":0,"Pos1y":0,"Pos2y":0,"CenterX":57.83773231488817,"CenterY":-48.46836682717503,"Radius":12.5,"StartAngle":0,"EndAngle":0,"ArcDir":0}],"Name":"Труба 25 мм","ArtPos":"","Owner":"Model","PositionX":1.500000000000007,"PositionY":-48.46836682717503,"PositionZ":359.1622676851109,"Thickness":494.9999999999999,"Length":24.787163746048776,"Width":24.893354407375867,"MaterialName":"Труба D-25мм L-3000мм 0,6мм хром ДС","MaterialId":"ДС 19627","OwnerId":1,"RotX":0.7071067811865478,"RotY":4.3296372853596765e-17,"RotZ":0.7071067811865472,"RotW":4.329637285359678e-17}],"Panel":[],"Extrusion":[{"Cont":[{"Type":3,"Pos1x":0,"Pos2x":0,"Pos1y":0,"Pos2y":0,"CenterX":57.83773231488817,"CenterY":-48.46836682717503,"Radius":12.5,"StartAngle":0,"EndAngle":0,"ArcDir":0}],"Name":"Труба 25 мм","ArtPos":"","Owner":"Model","PositionX":1.500000000000007,"PositionY":-48.46836682717503,"PositionZ":359.1622676851109,"Thickness":494.9999999999999,"Length":24.787163746048776,"Width":24.893354407375867,"MaterialName":"Труба D-25мм L-3000мм 0,6мм хром ДС","MaterialId":"ДС 19627","OwnerId":1,"RotX":0.7071067811865478,"RotY":4.3296372853596765e-17,"RotZ":0.7071067811865472,"RotW":4.329637285359678e-17}],"Fastener":[],"Model":{"Name":"Model","Size":{"x":900,"y":112.44667720368793,"z":429.4999999999991},"Center":{"x":450,"y":43.77666139815604,"z":214.74999999999955}},"materials":[],"butts":[]}